id,qname,heading,text,type,diagram,website,updated
,Location,Location,"A location can be an identifiable geographic place (ISO 19112), but it can also be a non-geographic place such as a directory, row, or column. As such, there are numerous ways in which location can be expressed, such as by a coordinate, address, landmark, and so forth.",Class,http://www.w3.org/ns/prov/diagrams/Location.dot.svg,http://www.w3.org/ns/prov/Location,2026-07-24T11:10:30.459634
,EmptyCollection,EmptyCollection,An empty collection is a collection without members.,Class,http://www.w3.org/ns/prov/diagrams/EmptyCollection.dot.svg,http://www.w3.org/ns/prov/EmptyCollection,2026-07-24T11:10:30.459634
,Plan,Plan,A plan is an entity that represents a set of actions or steps intended by one or more agents to achieve some goals.,Class,http://www.w3.org/ns/prov/diagrams/Plan.dot.svg,http://www.w3.org/ns/prov/Plan,2026-07-24T11:10:30.459634
,Start,Start,"Start is when an activity is deemed to have been started by an entity, known as trigger. The activity did not exist before its start. Any usage, generation, or invalidation involving an activity follows the activity's start. A start may refer to a trigger entity that set off the activity, or to an activity, known as starter, that generated the trigger.",Class,http://www.w3.org/ns/prov/diagrams/Start.dot.svg,http://www.w3.org/ns/prov/Start,2026-07-24T11:10:30.459634
,Entity,Entity,"An entity is a physical, digital, conceptual, or other kind of thing with some fixed aspects; entities may be real or imaginary. ",Class,http://www.w3.org/ns/prov/diagrams/Entity.dot.svg,http://www.w3.org/ns/prov/Entity,2026-07-24T11:10:30.459634
,Removal,Removal,"Removal is a derivation that describes the transformation of a dictionary into another, by removing one or more keys.",Class,http://www.w3.org/ns/prov/diagrams/Removal.dot.svg,http://www.w3.org/ns/prov/Removal,2026-07-24T11:10:30.459634
,Delegation,Delegation,"Delegation is the assignment of authority and responsibility to an agent (by itself or by another agent) to carry out a specific activity as a delegate or representative, while the agent it acts on behalf of retains some responsibility for the outcome of the delegated work.

For example, a student acted on behalf of his supervisor, who acted on behalf of the department chair, who acted on behalf of the university; all those agents are responsible in some way for the activity that took place but ",Class,http://www.w3.org/ns/prov/diagrams/Delegation.dot.svg,http://www.w3.org/ns/prov/Delegation,2026-07-24T11:10:30.459634
,Replace,Replace,Activity that identifies the replacement of a resource.,Class,http://www.w3.org/ns/prov/diagrams/Replace.dot.svg,http://www.w3.org/ns/prov/Replace,2026-07-24T11:10:30.459634
,SoftwareAgent,SoftwareAgent,A software agent is running software.,Class,http://www.w3.org/ns/prov/diagrams/SoftwareAgent.dot.svg,http://www.w3.org/ns/prov/SoftwareAgent,2026-07-24T11:10:30.459634
,Dictionary,Dictionary,"A dictionary is an entity that provides a structure to some constituents, which are themselves entities. These constituents are said to be member of the dictionary.",Class,http://www.w3.org/ns/prov/diagrams/Dictionary.dot.svg,http://www.w3.org/ns/prov/Dictionary,2026-07-24T11:10:30.459634
,RightsHolder,RightsHolder,Role with the function of owning or managing rights over a resource. The Agent assigned to this role is associated with a RightsAssignment Activity,Class,http://www.w3.org/ns/prov/diagrams/RightsHolder.dot.svg,http://www.w3.org/ns/prov/RightsHolder,2026-07-24T11:10:30.459634
,DirectQueryService,ProvenanceService,"Type for a generic provenance query service. Mainly for use in RDF provenance query service descriptions, to facilitate discovery in linked data environments.",Class,http://www.w3.org/ns/prov/diagrams/DirectQueryService.dot.svg,http://www.w3.org/ns/prov/DirectQueryService,2026-07-24T11:10:30.459634
,EntityInfluence,EntityInfluence,"EntityInfluence is the capacity of an entity to have an effect on the character, development, or behavior of another by means of usage, start, end, derivation, or other. ",Class,http://www.w3.org/ns/prov/diagrams/EntityInfluence.dot.svg,http://www.w3.org/ns/prov/EntityInfluence,2026-07-24T11:10:30.459634
,Revision,Revision,A revision is a derivation for which the resulting entity is a revised version of some original. The implication here is that the resulting entity contains substantial content from the original. Revision is a particular case of derivation.,Class,http://www.w3.org/ns/prov/diagrams/Revision.dot.svg,http://www.w3.org/ns/prov/Revision,2026-07-24T11:10:30.459634
,InstantaneousEvent,InstantaneousEvent,"The PROV data model is implicitly based on a notion of instantaneous events (or just events), that mark transitions in the world. Events include generation, usage, or invalidation of entities, as well as starting or ending of activities. This notion of event is not first-class in the data model, but it is useful for explaining its other concepts and its semantics.",Class,http://www.w3.org/ns/prov/diagrams/InstantaneousEvent.dot.svg,http://www.w3.org/ns/prov/InstantaneousEvent,2026-07-24T11:10:30.459634
,Modify,Modify,Activity that identifies the modification of a resource. ,Class,http://www.w3.org/ns/prov/diagrams/Modify.dot.svg,http://www.w3.org/ns/prov/Modify,2026-07-24T11:10:30.459634
,RightsAssignment,RightsAssignment,Activity that identifies the rights assignment of a resource.,Class,http://www.w3.org/ns/prov/diagrams/RightsAssignment.dot.svg,http://www.w3.org/ns/prov/RightsAssignment,2026-07-24T11:10:30.459634
,Association,Association,"An activity association is an assignment of responsibility to an agent for an activity, indicating that the agent had a role in the activity. It further allows for a plan to be specified, which is the plan intended by the agent to achieve some goals in the context of this activity.",Class,http://www.w3.org/ns/prov/diagrams/Association.dot.svg,http://www.w3.org/ns/prov/Association,2026-07-24T11:10:30.459634
,Copyright,Copyright,Activity that identifies the Copyrighting activity associated to a resource.,Class,http://www.w3.org/ns/prov/diagrams/Copyright.dot.svg,http://www.w3.org/ns/prov/Copyright,2026-07-24T11:10:30.459634
,Communication,Communication,"Communication is the exchange of an entity by two activities, one activity using the entity generated by the other.",Class,http://www.w3.org/ns/prov/diagrams/Communication.dot.svg,http://www.w3.org/ns/prov/Communication,2026-07-24T11:10:30.459634
,Creator,Creator,Role with the function of creating a resource. The Agent assigned to this role is associated with a Create Activity,Class,http://www.w3.org/ns/prov/diagrams/Creator.dot.svg,http://www.w3.org/ns/prov/Creator,2026-07-24T11:10:30.459634
,AgentInfluence,AgentInfluence,"AgentInfluence is the capacity of an agent to have an effect on the character, development, or behavior of another by means of attribution, association, delegation, or other.",Class,http://www.w3.org/ns/prov/diagrams/AgentInfluence.dot.svg,http://www.w3.org/ns/prov/AgentInfluence,2026-07-24T11:10:30.459634
,KeyEntityPair,Key-Entity Pair,"A key-entity pair. Part of a prov:Dictionary through prov:hadDictionaryMember. The key is any RDF Literal, the value is a prov:Entity.",Class,http://www.w3.org/ns/prov/diagrams/KeyEntityPair.dot.svg,http://www.w3.org/ns/prov/KeyEntityPair,2026-07-24T11:10:30.459634
,Create,Create,Activity that identifies the creation of a resource,Class,http://www.w3.org/ns/prov/diagrams/Create.dot.svg,http://www.w3.org/ns/prov/Create,2026-07-24T11:10:30.459634
,Bundle,Bundle,"A bundle is a named set of provenance descriptions, and is itself an Entity, so allowing provenance of provenance to be expressed.",Class,http://www.w3.org/ns/prov/diagrams/Bundle.dot.svg,http://www.w3.org/ns/prov/Bundle,2026-07-24T11:10:30.459634
,Collection,Collection,"A collection is an entity that provides a structure to some constituents, which are themselves entities. These constituents are said to be member of the collections.",Class,http://www.w3.org/ns/prov/diagrams/Collection.dot.svg,http://www.w3.org/ns/prov/Collection,2026-07-24T11:10:30.459634
,Usage,Usage,"Usage is the beginning of utilizing an entity by an activity. Before usage, the activity had not begun to utilize this entity and could not have been affected by the entity.",Class,http://www.w3.org/ns/prov/diagrams/Usage.dot.svg,http://www.w3.org/ns/prov/Usage,2026-07-24T11:10:30.459634
,Submit,Submit,"Activity that identifies the issuance (e.g., publication) of a resource. ",Class,http://www.w3.org/ns/prov/diagrams/Submit.dot.svg,http://www.w3.org/ns/prov/Submit,2026-07-24T11:10:30.459634
,PrimarySource,PrimarySource,"A primary source for a topic refers to something produced by some agent with direct experience and knowledge about the topic, at the time of the topic's study, without benefit from hindsight.

Because of the directness of primary sources, they 'speak for themselves' in ways that cannot be captured through the filter of secondary sources. As such, it is important for secondary sources to reference those primary sources from which they were derived, so that their reliability can be investigated.

",Class,http://www.w3.org/ns/prov/diagrams/PrimarySource.dot.svg,http://www.w3.org/ns/prov/PrimarySource,2026-07-24T11:10:30.459634
,Generation,Generation,Generation is the completion of production of a new entity by an activity. This entity did not exist before generation and becomes available for usage after this generation.,Class,http://www.w3.org/ns/prov/diagrams/Generation.dot.svg,http://www.w3.org/ns/prov/Generation,2026-07-24T11:10:30.459634
,Organization,Organization,"An organization is a social or legal institution such as a company, society, etc.",Class,http://www.w3.org/ns/prov/diagrams/Organization.dot.svg,http://www.w3.org/ns/prov/Organization,2026-07-24T11:10:30.459634
,Insertion,Insertion,"Insertion is a derivation that describes the transformation of a dictionary into another, by insertion of one or more key-entity pairs.",Class,http://www.w3.org/ns/prov/diagrams/Insertion.dot.svg,http://www.w3.org/ns/prov/Insertion,2026-07-24T11:10:30.459634
,Accept,Accept,"Activity that identifies the acceptance of a resource (e.g., an article in a conference)",Class,http://www.w3.org/ns/prov/diagrams/Accept.dot.svg,http://www.w3.org/ns/prov/Accept,2026-07-24T11:10:30.459634
,Role,Role,"A role is the function of an entity or agent with respect to an activity, in the context of a usage, generation, invalidation, association, start, and end.",Class,http://www.w3.org/ns/prov/diagrams/Role.dot.svg,http://www.w3.org/ns/prov/Role,2026-07-24T11:10:30.459634
,Publisher,Publisher,Role with the function of publishing a resource. The Agent assigned to this role is associated with a Publish Activity,Class,http://www.w3.org/ns/prov/diagrams/Publisher.dot.svg,http://www.w3.org/ns/prov/Publisher,2026-07-24T11:10:30.459634
,Person,Person,Person agents are people.,Class,http://www.w3.org/ns/prov/diagrams/Person.dot.svg,http://www.w3.org/ns/prov/Person,2026-07-24T11:10:30.459634
,Invalidation,Invalidation,"Invalidation is the start of the destruction, cessation, or expiry of an existing entity by an activity. The entity is no longer available for use (or further invalidation) after invalidation. Any generation or usage of an entity precedes its invalidation.",Class,http://www.w3.org/ns/prov/diagrams/Invalidation.dot.svg,http://www.w3.org/ns/prov/Invalidation,2026-07-24T11:10:30.459634
,ServiceDescription,ServiceDescription,"Type for a generic provenance query service. Mainly for use in RDF provenance query service descriptions, to facilitate discovery in linked data environments.",Class,http://www.w3.org/ns/prov/diagrams/ServiceDescription.dot.svg,http://www.w3.org/ns/prov/ServiceDescription,2026-07-24T11:10:30.459634
,Quotation,Quotation,"A quotation is the repeat of (some or all of) an entity, such as text or image, by someone who may or may not be its original author. Quotation is a particular case of derivation.",Class,http://www.w3.org/ns/prov/diagrams/Quotation.dot.svg,http://www.w3.org/ns/prov/Quotation,2026-07-24T11:10:30.459634
,Publish,Publish,Activity that identifies the publication of a resource,Class,http://www.w3.org/ns/prov/diagrams/Publish.dot.svg,http://www.w3.org/ns/prov/Publish,2026-07-24T11:10:30.459634
,Derivation,Derivation,"A derivation is a transformation of an entity into another, an update of an entity resulting in a new one, or the construction of a new entity based on a pre-existing entity.",Class,http://www.w3.org/ns/prov/diagrams/Derivation.dot.svg,http://www.w3.org/ns/prov/Derivation,2026-07-24T11:10:30.459634
,Contribute,"Contribute
",Activity that identifies any contribution of an agent to a resource. ,Class,http://www.w3.org/ns/prov/diagrams/Contribute.dot.svg,http://www.w3.org/ns/prov/Contribute,2026-07-24T11:10:30.459634
,Agent,Agent,"An agent is something that bears some form of responsibility for an activity taking place, for the existence of an entity, or for another agent's activity. ",Class,http://www.w3.org/ns/prov/diagrams/Agent.dot.svg,http://www.w3.org/ns/prov/Agent,2026-07-24T11:10:30.459634
,Attribution,Attribution,"Attribution is the ascribing of an entity to an agent.

When an entity e is attributed to agent ag, entity e was generated by some unspecified activity that in turn was associated to agent ag. Thus, this relation is useful when the activity is not known, or irrelevant.",Class,http://www.w3.org/ns/prov/diagrams/Attribution.dot.svg,http://www.w3.org/ns/prov/Attribution,2026-07-24T11:10:30.459634
,ActivityInfluence,ActivityInfluence,"ActivitiyInfluence is the capacity of an activity to have an effect on the character, development, or behavior of another by means of generation, invalidation, communication, or other.",Class,http://www.w3.org/ns/prov/diagrams/ActivityInfluence.dot.svg,http://www.w3.org/ns/prov/ActivityInfluence,2026-07-24T11:10:30.459634
,End,End,"End is when an activity is deemed to have been ended by an entity, known as trigger. The activity no longer exists after its end. Any usage, generation, or invalidation involving an activity precedes the activity's end. An end may refer to a trigger entity that terminated the activity, or to an activity, known as ender that generated the trigger.",Class,http://www.w3.org/ns/prov/diagrams/End.dot.svg,http://www.w3.org/ns/prov/End,2026-07-24T11:10:30.459634
,Contributor,Contributor,Role with the function of having responsibility for making contributions to a resource. The Agent assigned to this role is associated with a Modify or Create Activities,Class,http://www.w3.org/ns/prov/diagrams/Contributor.dot.svg,http://www.w3.org/ns/prov/Contributor,2026-07-24T11:10:30.459634
,Influence,Influence,"Influence is the capacity of an entity, activity, or agent to have an effect on the character, development, or behavior of another by means of usage, start, end, generation, invalidation, communication, derivation, attribution, association, or delegation.",Class,http://www.w3.org/ns/prov/diagrams/Influence.dot.svg,http://www.w3.org/ns/prov/Influence,2026-07-24T11:10:30.459634
,EmptyDictionary,Empty Dictionary,An empty dictionary (i.e. has no members).,Class,http://www.w3.org/ns/prov/diagrams/EmptyDictionary.dot.svg,http://www.w3.org/ns/prov/EmptyDictionary,2026-07-24T11:10:30.459634
,Activity,Activity,"An activity is something that occurs over a period of time and acts upon or with entities; it may include consuming, processing, transforming, modifying, relocating, using, or generating entities.",Class,http://www.w3.org/ns/prov/diagrams/Activity.dot.svg,http://www.w3.org/ns/prov/Activity,2026-07-24T11:10:30.459634
,asInBundle,asInBundle,"prov:asInBundle is used to specify which bundle the general entity of a prov:mentionOf property is described.

When :x prov:mentionOf :y and :y is described in Bundle :b, the triple :x prov:asInBundle :b is also asserted to cite the Bundle in which :y was described.",ObjectProperty,,http://www.w3.org/ns/prov/asInBundle,2026-07-24T11:10:30.459634
,describesService,describesService,relates a generic provenance query service resource (type prov:ServiceDescription) to a specific query service description (e.g. a prov:DirectQueryService or a sd:Service).,ObjectProperty,,http://www.w3.org/ns/prov/describesService,2026-07-24T11:10:30.459634
,hadDictionaryMember,hadDictionaryMember,Describes the key-entity pair that was member of a prov:Dictionary. A dictionary can have multiple members.,ObjectProperty,,http://www.w3.org/ns/prov/hadDictionaryMember,2026-07-24T11:10:30.459634
,has_anchor,has_anchor,Indicates anchor URI for a potentially dynamic resource instance.,ObjectProperty,,http://www.w3.org/ns/prov/has_anchor,2026-07-24T11:10:30.459634
,has_provenance,has_provenance,Indicates a provenance-URI for a resource; the resource identified by this property presents a provenance record about its subject or anchor resource.,ObjectProperty,,http://www.w3.org/ns/prov/has_provenance,2026-07-24T11:10:30.459634
,has_query_service,hasProvenanceService,Indicates a provenance query service that can access provenance related to its subject or anchor resource.,ObjectProperty,,http://www.w3.org/ns/prov/has_query_service,2026-07-24T11:10:30.459634
,pingback,provenance pingback,Relates a resource to a provenance pingback service that may receive additional provenance links about the resource.,ObjectProperty,,http://www.w3.org/ns/prov/pingback,2026-07-24T11:10:30.459634
,qualifiedInsertion,qualifiedInsertion,"prov:qualifiedInsertion shows the details of an insertion, in particular the inserted key-entity pairs.",ObjectProperty,,http://www.w3.org/ns/prov/qualifiedInsertion,2026-07-24T11:10:30.459634
,qualifiedRemoval,qualifiedRemoval,"prov:qualifiedRemoval shows the details of a removal, in particular the removed keys.",ObjectProperty,,http://www.w3.org/ns/prov/qualifiedRemoval,2026-07-24T11:10:30.459634
,derivedByInsertionFrom,derivedByInsertionFrom,"The dictionary was derived from the other by insertion. Can be qualified with prov:qualifiedInsertion, which shows details of the insertion, in particular the inserted key-entity pairs.",ObjectProperty,,http://www.w3.org/ns/prov/derivedByInsertionFrom,2026-07-24T11:10:30.459634
,derivedByRemovalFrom,derivedByRemovalFrom,"The dictionary was derived from the other by removal. Can be qualified with prov:qualifiedRemoval, which shows details of the removal, in particular the removed keys.",ObjectProperty,,http://www.w3.org/ns/prov/derivedByRemovalFrom,2026-07-24T11:10:30.459634
,generated,generated,,ObjectProperty,,http://www.w3.org/ns/prov/generated,2026-07-24T11:10:30.459634
,hadGeneration,hadGeneration,The _optional_ Generation involved in an Entity's Derivation.,ObjectProperty,,http://www.w3.org/ns/prov/hadGeneration,2026-07-24T11:10:30.459634
,hadPlan,hadPlan,The _optional_ Plan adopted by an Agent in Association with some Activity. Plan specifications are out of the scope of this specification.,ObjectProperty,,http://www.w3.org/ns/prov/hadPlan,2026-07-24T11:10:30.459634
,hadUsage,hadUsage,The _optional_ Usage involved in an Entity's Derivation.,ObjectProperty,,http://www.w3.org/ns/prov/hadUsage,2026-07-24T11:10:30.459634
,insertedKeyEntityPair,insertedKeyEntityPair,An object property to refer to the prov:KeyEntityPair inserted into a prov:Dictionary.,ObjectProperty,,http://www.w3.org/ns/prov/insertedKeyEntityPair,2026-07-24T11:10:30.459634
,invalidated,invalidated,,ObjectProperty,,http://www.w3.org/ns/prov/invalidated,2026-07-24T11:10:30.459634
,mentionOf,mentionOf,"prov:mentionOf is used to specialize an entity as described in another bundle. It is to be used in conjuction with prov:asInBundle.

prov:asInBundle is used to cite the Bundle in which the generalization was mentioned.",ObjectProperty,,http://www.w3.org/ns/prov/mentionOf,2026-07-24T11:10:30.459634
,pairEntity,pairKey,"The entity of a prov:KeyEntityPair, which is an element of a prov:Dictionary.",ObjectProperty,,http://www.w3.org/ns/prov/pairEntity,2026-07-24T11:10:30.459634
,atLocation,atLocation,The Location of any resource.,ObjectProperty,,http://www.w3.org/ns/prov/atLocation,2026-07-24T11:10:30.459634
,dictionary,dictionary,The property used by a prov:Insertion and prov:Removal to cite the prov:Dictionary that was prov:derivedByInsertionFrom or prov:derivedByRemovalFrom another dictionary.,ObjectProperty,,http://www.w3.org/ns/prov/dictionary,2026-07-24T11:10:30.459634
,hadActivity,hadActivity,"This property has multiple RDFS domains to suit multiple OWL Profiles. See <a href=""#owl-profile"">PROV-O OWL Profile</a>.",ObjectProperty,,http://www.w3.org/ns/prov/hadActivity,2026-07-24T11:10:30.459634
,hadMember,hadMember,,ObjectProperty,,http://www.w3.org/ns/prov/hadMember,2026-07-24T11:10:30.459634
,hadRole,hadRole,"prov:hadRole references the Role (i.e. the function of an entity with respect to an activity), in the context of an instantaneous usage, generation, association, start, and end.",ObjectProperty,,http://www.w3.org/ns/prov/hadRole,2026-07-24T11:10:30.459634
,wasInformedBy,wasInformedBy,"An activity a2 is dependent on or informed by another activity a1, by way of some unspecified entity that is generated by a1 and used by a2.",ObjectProperty,,http://www.w3.org/ns/prov/wasInformedBy,2026-07-24T11:10:30.459634
,actedOnBehalfOf,actedOnBehalfOf,An object property to express the accountability of an agent towards another agent. The subordinate agent acted on behalf of the responsible agent in an actual activity. ,ObjectProperty,,http://www.w3.org/ns/prov/actedOnBehalfOf,2026-07-24T11:10:30.459634
,alternateOf,alternateOf,"Two alternate entities present aspects of the same thing. These aspects may be the same or different, and the alternate entities may or may not overlap in time.",ObjectProperty,,http://www.w3.org/ns/prov/alternateOf,2026-07-24T11:10:30.459634
,influenced,influenced,,ObjectProperty,,http://www.w3.org/ns/prov/influenced,2026-07-24T11:10:30.459634
,qualifiedAssociation,qualifiedAssociation,"If this Activity prov:wasAssociatedWith Agent :ag, then it can qualify the Association using prov:qualifiedAssociation [ a prov:Association;  prov:agent :ag; :foo :bar ].",ObjectProperty,,http://www.w3.org/ns/prov/qualifiedAssociation,2026-07-24T11:10:30.459634
,qualifiedAttribution,qualifiedAttribution,"If this Entity prov:wasAttributedTo Agent :ag, then it can qualify how it was influenced using prov:qualifiedAttribution [ a prov:Attribution;  prov:agent :ag; :foo :bar ].",ObjectProperty,,http://www.w3.org/ns/prov/qualifiedAttribution,2026-07-24T11:10:30.459634
,qualifiedCommunication,qualifiedCommunication,"If this Activity prov:wasInformedBy Activity :a, then it can qualify how it was influenced using prov:qualifiedCommunication [ a prov:Communication;  prov:activity :a; :foo :bar ].",ObjectProperty,,http://www.w3.org/ns/prov/qualifiedCommunication,2026-07-24T11:10:30.459634
,qualifiedDelegation,qualifiedDelegation,"If this Agent prov:actedOnBehalfOf Agent :ag, then it can qualify how with prov:qualifiedResponsibility [ a prov:Responsibility;  prov:agent :ag; :foo :bar ].",ObjectProperty,,http://www.w3.org/ns/prov/qualifiedDelegation,2026-07-24T11:10:30.459634
,qualifiedEnd,qualifiedEnd,"If this Activity prov:wasEndedBy Entity :e1, then it can qualify how it was ended using prov:qualifiedEnd [ a prov:End;  prov:entity :e1; :foo :bar ].",ObjectProperty,,http://www.w3.org/ns/prov/qualifiedEnd,2026-07-24T11:10:30.459634
,qualifiedGeneration,qualifiedGeneration,"If this Activity prov:generated Entity :e, then it can qualify how it performed the Generation using prov:qualifiedGeneration [ a prov:Generation;  prov:entity :e; :foo :bar ].",ObjectProperty,,http://www.w3.org/ns/prov/qualifiedGeneration,2026-07-24T11:10:30.459634
,qualifiedInvalidation,qualifiedInvalidation,"If this Entity prov:wasInvalidatedBy Activity :a, then it can qualify how it was invalidated using prov:qualifiedInvalidation [ a prov:Invalidation;  prov:activity :a; :foo :bar ].",ObjectProperty,,http://www.w3.org/ns/prov/qualifiedInvalidation,2026-07-24T11:10:30.459634
,qualifiedPrimarySource,qualifiedPrimarySource,"If this Entity prov:hadPrimarySource Entity :e, then it can qualify how using prov:qualifiedPrimarySource [ a prov:PrimarySource; prov:entity :e; :foo :bar ].",ObjectProperty,,http://www.w3.org/ns/prov/qualifiedPrimarySource,2026-07-24T11:10:30.459634
,qualifiedQuotation,qualifiedQuotation,"If this Entity prov:wasQuotedFrom Entity :e, then it can qualify how using prov:qualifiedQuotation [ a prov:Quotation;  prov:entity :e; :foo :bar ].",ObjectProperty,,http://www.w3.org/ns/prov/qualifiedQuotation,2026-07-24T11:10:30.459634
,qualifiedRevision,qualifiedRevision,"If this Entity prov:wasRevisionOf Entity :e, then it can qualify how it was revised using prov:qualifiedRevision [ a prov:Revision;  prov:entity :e; :foo :bar ].",ObjectProperty,,http://www.w3.org/ns/prov/qualifiedRevision,2026-07-24T11:10:30.459634
,qualifiedStart,qualifiedStart,"If this Activity prov:wasStartedBy Entity :e1, then it can qualify how it was started using prov:qualifiedStart [ a prov:Start;  prov:entity :e1; :foo :bar ].",ObjectProperty,,http://www.w3.org/ns/prov/qualifiedStart,2026-07-24T11:10:30.459634
,qualifiedUsage,qualifiedUsage,"If this Activity prov:used Entity :e, then it can qualify how it used it using prov:qualifiedUsage [ a prov:Usage; prov:entity :e; :foo :bar ].",ObjectProperty,,http://www.w3.org/ns/prov/qualifiedUsage,2026-07-24T11:10:30.459634
,specializationOf,specializationOf,"An entity that is a specialization of another shares all aspects of the latter, and additionally presents more specific aspects of the same thing as the latter. In particular, the lifetime of the entity being specialized contains that of any specialization. Examples of aspects include a time period, an abstraction, and a context associated with the entity.",ObjectProperty,,http://www.w3.org/ns/prov/specializationOf,2026-07-24T11:10:30.459634
,used,used,"A prov:Entity that was used by this prov:Activity. For example, :baking prov:used :spoon, :egg, :oven .",ObjectProperty,,http://www.w3.org/ns/prov/used,2026-07-24T11:10:30.459634
,wasAssociatedWith,wasAssociatedWith,An prov:Agent that had some (unspecified) responsibility for the occurrence of this prov:Activity.,ObjectProperty,,http://www.w3.org/ns/prov/wasAssociatedWith,2026-07-24T11:10:30.459634
,wasEndedBy,wasEndedBy,"End is when an activity is deemed to have ended. An end may refer to an entity, known as trigger, that terminated the activity.",ObjectProperty,,http://www.w3.org/ns/prov/wasEndedBy,2026-07-24T11:10:30.459634
,wasGeneratedBy,wasGeneratedBy,,ObjectProperty,,http://www.w3.org/ns/prov/wasGeneratedBy,2026-07-24T11:10:30.459634
,wasInvalidatedBy,wasInvalidatedBy,,ObjectProperty,,http://www.w3.org/ns/prov/wasInvalidatedBy,2026-07-24T11:10:30.459634
,wasStartedBy,wasStartedBy,"Start is when an activity is deemed to have started. A start may refer to an entity, known as trigger, that initiated the activity.",ObjectProperty,,http://www.w3.org/ns/prov/wasStartedBy,2026-07-24T11:10:30.459634
,hadPrimarySource,hadPrimarySource,,ObjectProperty,,http://www.w3.org/ns/prov/hadPrimarySource,2026-07-24T11:10:30.459634
,influencer,influencer,"This property is used as part of the qualified influence pattern. Subclasses of prov:Influence use these subproperties to reference the resource (Entity, Agent, or Activity) whose influence is being qualified.",ObjectProperty,,http://www.w3.org/ns/prov/influencer,2026-07-24T11:10:30.459634
,wasAttributedTo,wasAttributedTo,Attribution is the ascribing of an entity to an agent.,ObjectProperty,,http://www.w3.org/ns/prov/wasAttributedTo,2026-07-24T11:10:30.459634
,wasQuotedFrom,wasQuotedFrom,"An entity is derived from an original entity by copying, or 'quoting', some or all of it.",ObjectProperty,,http://www.w3.org/ns/prov/wasQuotedFrom,2026-07-24T11:10:30.459634
,wasRevisionOf,wasRevisionOf,A revision is a derivation that revises an entity into a revised version.,ObjectProperty,,http://www.w3.org/ns/prov/wasRevisionOf,2026-07-24T11:10:30.459634
,activity,activity,"The prov:activity property references an prov:Activity which influenced a resource. This property applies to an prov:ActivityInfluence, which is given by a subproperty of prov:qualifiedInfluence from the influenced prov:Entity, prov:Activity or prov:Agent.",ObjectProperty,,http://www.w3.org/ns/prov/activity,2026-07-24T11:10:30.459634
,agent,agent,"The prov:agent property references an prov:Agent which influenced a resource. This property applies to an prov:AgentInfluence, which is given by a subproperty of prov:qualifiedInfluence from the influenced prov:Entity, prov:Activity or prov:Agent.",ObjectProperty,,http://www.w3.org/ns/prov/agent,2026-07-24T11:10:30.459634
,qualifiedDerivation,qualifiedDerivation,"If this Entity prov:wasDerivedFrom Entity :e, then it can qualify how it was derived using prov:qualifiedDerivation [ a prov:Derivation;  prov:entity :e; :foo :bar ].",ObjectProperty,,http://www.w3.org/ns/prov/qualifiedDerivation,2026-07-24T11:10:30.459634
,entity,entity,"The prov:entity property references an prov:Entity which influenced a resource. This property applies to an prov:EntityInfluence, which is given by a subproperty of prov:qualifiedInfluence from the influenced prov:Entity, prov:Activity or prov:Agent.",ObjectProperty,,http://www.w3.org/ns/prov/entity,2026-07-24T11:10:30.459634
,wasDerivedFrom,wasDerivedFrom,"A derivation is a transformation of an entity into another, an update of an entity resulting in a new one, or the construction of a new entity based on a pre-existing entity.",ObjectProperty,,http://www.w3.org/ns/prov/wasDerivedFrom,2026-07-24T11:10:30.459634
,qualifiedInfluence,qualifiedInfluence,"Because prov:qualifiedInfluence is a broad relation, the more specific relations (qualifiedCommunication, qualifiedDelegation, qualifiedEnd, etc.) should be used when applicable.",ObjectProperty,,http://www.w3.org/ns/prov/qualifiedInfluence,2026-07-24T11:10:30.459634
,wasInfluencedBy,wasInfluencedBy,"Because prov:wasInfluencedBy is a broad relation, its more specific subproperties (e.g. prov:wasInformedBy, prov:actedOnBehalfOf, prov:wasEndedBy, etc.) should be used when applicable.",ObjectProperty,,http://www.w3.org/ns/prov/wasInfluencedBy,2026-07-24T11:10:30.459634
,provenanceUriTemplate,provenanceUriTemplate,Relates a provenance service to a URI template string for constructing provenance-URIs.,DatatypeProperty,,http://www.w3.org/ns/prov/provenanceUriTemplate,2026-07-24T11:10:30.459634
,value,value,Provides a value that is a direct representation of an entity.,DatatypeProperty,,http://www.w3.org/ns/prov/value,2026-07-24T11:10:30.459634
,endedAtTime,endedAtTime,The time at which an activity ended. See also prov:startedAtTime.,DatatypeProperty,,http://www.w3.org/ns/prov/endedAtTime,2026-07-24T11:10:30.459634
,generatedAtTime,generatedAtTime,The time at which an entity was completely created and is available for use.,DatatypeProperty,,http://www.w3.org/ns/prov/generatedAtTime,2026-07-24T11:10:30.459634
,invalidatedAtTime,invalidatedAtTime,"The time at which an entity was invalidated (i.e., no longer usable).",DatatypeProperty,,http://www.w3.org/ns/prov/invalidatedAtTime,2026-07-24T11:10:30.459634
,pairKey,pairKey,"The key of a prov:KeyEntityPair, which is an element of a prov:Dictionary.",DatatypeProperty,,http://www.w3.org/ns/prov/pairKey,2026-07-24T11:10:30.459634
,removedKey,removedKey,The key removed in a Removal.,DatatypeProperty,,http://www.w3.org/ns/prov/removedKey,2026-07-24T11:10:30.459634
,startedAtTime,startedAtTime,The time at which an activity started. See also prov:endedAtTime.,DatatypeProperty,,http://www.w3.org/ns/prov/startedAtTime,2026-07-24T11:10:30.459634
,atTime,atTime,"The time at which an InstantaneousEvent occurred, in the form of xsd:dateTime.",DatatypeProperty,,http://www.w3.org/ns/prov/atTime,2026-07-24T11:10:30.459634
